asset_id,hazard,expected_band
TEST-FL-001,flood,HIGH
TEST-FL-001,wind,HIGH
TEST-FL-001,wildfire,LOW
TEST-FL-001,heat,MEDIUM-HIGH
TEST-TX-001,flood,HIGH
TEST-TX-001,wind,HIGH
TEST-TX-001,wildfire,LOW-MEDIUM
TEST-TX-001,heat,HIGH
TEST-CA-001,flood,LOW-MEDIUM
TEST-CA-001,wind,LOW
TEST-CA-001,wildfire,HIGH
TEST-CA-001,heat,HIGH
TEST-CO-001,flood,LOW
TEST-CO-001,wind,MEDIUM
TEST-CO-001,wildfire,MEDIUM
TEST-CO-001,heat,LOW-MEDIUM
TEST-FL-002,flood,HIGH
TEST-FL-002,wind,HIGH
TEST-FL-002,wildfire,LOW
TEST-FL-002,heat,MEDIUM-HIGH
